tag,engine,query,concurrency,window_s,ops,errors,qps,p50_ms,p95_ms,p99_ms
RESULT z100000,zega,lookup,1,8,27242,0,3405.2,0.309,0.347,0.389
RESULT z100000,zega,lookup,8,8,89861,0,11232.6,0.738,1.215,1.633
RESULT z100000,zega,lookup,32,8,149158,0,18644.8,1.625,3.110,4.484
RESULT z100000,zega,onehop,1,8,38707,0,4838.4,0.194,0.274,0.375
RESULT z100000,zega,onehop,8,8,116088,0,14511.0,0.458,0.945,1.585
RESULT z100000,zega,onehop,32,8,126040,0,15755.0,1.796,3.791,5.813
RESULT z100000,zega,twohop,1,8,33203,0,4150.4,0.221,0.375,0.478
RESULT z100000,zega,twohop,8,8,120999,0,15124.9,0.515,0.834,1.067
RESULT z100000,zega,twohop,32,8,113478,0,14184.8,2.146,4.153,5.934
RESULT z100000,zega,filtered,1,8,28843,0,3605.4,0.267,0.377,0.482
RESULT z100000,zega,filtered,8,8,56342,0,7042.8,1.101,1.909,2.509
RESULT z100000,zega,filtered,32,8,50564,0,6320.5,4.579,8.998,15.291
RESULT z100000,zega,path,1,8,153,0,19.1,52.540,101.022,109.310
RESULT z100000,zega,path,8,8,196,0,24.5,288.276,617.796,781.186
RESULT z100000,zega,path,32,8,122,0,15.2,1745.737,3011.362,3191.980
RESULT z100000,zega,write,1,8,397,0,49.6,19.468,25.186,27.119
RESULT z100000,zega,write,8,8,241,0,30.1,225.874,535.572,619.965
RESULT z100000,zega,write,32,8,374,0,46.8,652.335,787.066,798.635
RESULT n100000,neo4j,lookup,1,8,2577,0,322.1,2.987,3.999,4.888
RESULT n100000,neo4j,lookup,8,8,17922,0,2240.2,3.244,5.703,7.260
RESULT n100000,neo4j,lookup,32,8,27570,0,3446.2,8.915,12.373,15.855
RESULT n100000,neo4j,onehop,1,8,2835,0,354.4,2.566,4.328,7.078
RESULT n100000,neo4j,onehop,8,8,10726,0,1340.8,5.352,10.392,18.354
RESULT n100000,neo4j,onehop,32,8,20230,0,2528.8,11.816,19.682,25.890
RESULT n100000,neo4j,twohop,1,8,2068,0,258.5,3.346,6.761,10.383
RESULT n100000,neo4j,twohop,8,8,10064,0,1258.0,5.665,11.147,19.759
RESULT n100000,neo4j,twohop,32,8,12269,0,1533.6,19.303,35.073,51.167
RESULT n100000,neo4j,filtered,1,8,2163,0,270.4,3.096,7.000,10.781
RESULT n100000,neo4j,filtered,8,8,13356,0,1669.5,4.307,8.140,12.328
RESULT n100000,neo4j,filtered,32,8,13203,0,1650.4,17.751,32.197,48.792
RESULT n100000,neo4j,path,1,8,1458,0,182.2,4.608,10.063,14.206
RESULT n100000,neo4j,path,8,8,6971,0,871.4,8.132,17.569,23.932
RESULT n100000,neo4j,path,32,8,12162,0,1520.2,19.609,32.558,44.236
RESULT n100000,neo4j,write,1,8,1559,0,194.9,4.470,8.653,14.567
RESULT n100000,neo4j,write,8,8,7495,0,936.9,7.109,17.039,32.348
RESULT n100000,neo4j,write,32,8,11458,0,1432.2,21.066,35.410,47.521
