name,kind,x,y,source,region
Acorn Hall,castle,123,402,/index.php/Acorn_Hall,The Riverlands
Antlers,castle,143,491,/index.php/Antlers,The Crownlands
Ashemark,castle,85,530,/index.php/Ashemark,The Westerlands
Ashford,castle,82,505,/index.php/Ashford,The Reach
Asshai,city,905,680,/index.php/Asshai,Shadow Lands
Astapor,city,462,634,/index.php/Astapor,Slaver's Bay
Bandallon,castle,66,552,/index.php/Bandallon,The Reach
Banefort,castle,48,452,/index.php/Banefort,The Westerlands
Barrowton,town,89,376,/index.php/Barrowton,The North
Bear Island,region,83,305,/index.php/Bear_Island,The North
Bitterbridge,town,111,524,/index.php/Bitterbridge,The Reach
Blackcrown,town,70,591,/index.php/Blackcrown,The Reach
Blackhaven,castle,139,545,/index.php/Blackhaven,The Stormlands
Blackmont,castle,94,577,/index.php/Blackmont,Dorne
Blacktyde,castle,91,462,/index.php/Blacktyde,The Iron Islands
Blackwater Rush,region,134,505,/index.php/Blackwater_Rush,The Crownlands
Bloodstone,castle,186,508,/index.php/Bloodstone,The Stepstones
Bloody Gate,castle,142,449,/index.php/Bloody_Gate,The Vale
Boneway,region,168,553,/index.php/Boneway,Dorne
Braavos,city,226,415,/index.php/Braavos,Free Cities
Brightwater Keep,castle,100,591,/index.php/Brightwater_Keep,The Reach
Broken Arm,region,205,572,/index.php/Broken_Arm,Dorne
Bronzegate,castle,169,540,/index.php/Bronzegate,The Stormlands
Cape Wrath,region,150,560,/index.php/Cape_Wrath,The Stormlands
Castamere,castle,76,476,/index.php/Castamere,The Westerlands
Casterly Rock,castle,64,491,/index.php/Casterly_Rock,The Westerlands
Castle Black,castle,142,288,/index.php/Castle_Black,The North
Cerwyn,castle,116,349,/index.php/Cerwyn,The North
Chroyane,ruin,274,497,/index.php/Chroyane,Free Cities
Cider Hall,castle,96,533,/index.php/Cider_Hall,The Reach
Claw Isle,region,183,476,/index.php/Claw_Isle,The Crownlands
Coldwater Burn,castle,157,412,/index.php/Coldwater_Burn,The Vale
Cornfield,castle,70,505,/index.php/Cornfield,The Westerlands
Crackclaw Point,region,176,480,/index.php/Crackclaw_Point,The Crownlands
Crakehall,castle,75,458,/index.php/Crakehall,The Westerlands
Craster's Keep,castle,130,274,/index.php/Craster's_Keep,Beyond the Wall
Crow's Nest,castle,158,538,/index.php/Crow's_Nest,The Stormlands
Darkdell,castle,95,535,/index.php/Darkdell,The Reach
Darry,castle,138,461,/index.php/Darry,The Riverlands
Deep Den,castle,103,483,/index.php/Deep_Den,The Westerlands
Deepwood Motte,castle,85,325,/index.php/Deepwood_Motte,The North
Dragonstone,castle,177,477,/index.php/Dragonstone,The Crownlands
Driftmark,castle,173,489,/index.php/Driftmark,The Crownlands
Duskendale,town,150,488,/index.php/Duskendale,The Crownlands
Eastwatch-by-the-Sea,castle,153,289,/index.php/Eastwatch-by-the-Sea,The North
Elyria,city,414,633,/index.php/Elyria,Slaver's Bay
Estermont,island,205,545,/index.php/Estermont,The Stormlands
Evenfall Hall,castle,185,530,/index.php/Evenfall_Hall,The Stormlands
Fair Isle,island,40,481,/index.php/Fair_Isle,The Westerlands
Faircastle,castle,81,422,/index.php/Faircastle,The Westerlands
Fairmarket,town,107,450,/index.php/Fairmarket,The Riverlands
Fawnton,town,113,502,/index.php/Fawnton,The Reach
Feastfires,castle,79,435,/index.php/Feastfires,The Westerlands
Felwood,castle,164,540,/index.php/Felwood,The Stormlands
Fingers,region,191,415,/index.php/Fingers,The Vale
Fist of the First Men,ruin,124,269,/index.php/Fist_of_the_First_Men,Beyond the Wall
Ghaston Grey,castle,136,580,/index.php/Ghaston_Grey,Dorne
Ghost Hill,castle,208,599,/index.php/Ghost_Hill,Dorne
Gods Eye,region,122,498,/index.php/Gods_Eye,The Riverlands
Godsgrace,castle,152,577,/index.php/Godsgrace,Dorne
Goldengrove,castle,127,568,/index.php/Goldengrove,The Reach
Grandview,castle,82,458,/index.php/Grandview,The Reach
Grassy Vale,town,96,494,/index.php/Grassy_Vale,The Reach
Great Wyk,region,75,472,/index.php/Great_Wyk,The Iron Islands
Greenblood,river,158,585,/index.php/Greenblood,Dorne
Greenshield,island,55,543,/index.php/Greenshield,The Reach
Greenstone,castle,175,525,/index.php/Greenstone,The Stormlands
Grey Glen,castle,168,425,/index.php/Grey_Glen,The Vale
Greyshield,island,49,549,/index.php/Greyshield,The Reach
Greywater Watch,castle,110,409,/index.php/Greywater_Watch,The North
Griffin's Roost,castle,165,534,/index.php/Griffin's_Roost,The Stormlands
Gulltown,city,182,448,/index.php/Gulltown,The Vale
Hammerhorn,castle,55,463,/index.php/Hammerhorn,The Iron Islands
Hardhome,town,160,266,/index.php/Hardhome,Beyond the Wall
Harlaw,castle,97,488,/index.php/Harlaw,The Iron Islands
Harrenhal,castle,129,470,/index.php/Harrenhal,The Riverlands
Harvest Hall,castle,112,548,/index.php/Harvest_Hall,The Stormlands
Haystack Hall,castle,181,538,/index.php/Haystack_Hall,The Stormlands
Heart's Home,castle,146,431,/index.php/Heart's_Home,The Vale
Hellholt,castle,118,574,/index.php/Hellholt,Dorne
High Hermitage,castle,96,592,/index.php/High_Hermitage,Dorne
High Tide,castle,176,492,/index.php/High_Tide,The Crownlands
Highgarden,castle,86,547,/index.php/Highgarden,The Reach
Honeyholt,castle,88,581,/index.php/Honeyholt,The Reach
Honeywine,river,71,570,/index.php/Honeywine,The Reach
Horn Hill,castle,86,557,/index.php/Horn_Hill,The Reach
Hornvale,castle,100,489,/index.php/Hornvale,The Westerlands
Hornwood,castle,136,353,/index.php/Hornwood,The North
Ibben,island,380,235,/index.php/Ibben,Ibben
Ironoaks,castle,164,441,/index.php/Ironoaks,The Vale
Isle of Faces,island,124,500,/index.php/Isle_of_Faces,The Riverlands
Karhold,castle,175,323,/index.php/Karhold,The North
Kayce,town,77,424,/index.php/Kayce,The Westerlands
King's Landing,city,143,501,/index.php/King's_Landing,The Crownlands
Kingsgrave,town,114,579,/index.php/Kingsgrave,Dorne
Kingswood,region,146,499,/index.php/Kingswood,The Crownlands
Lannisport,city,61,496,/index.php/Lannisport,The Westerlands
Last Hearth,castle,146,311,/index.php/Last_Hearth,The North
Lemonwood,castle,180,575,/index.php/Lemonwood,Dorne
Longbow Hall,castle,176,421,/index.php/Longbow_Hall,The Vale
Longtable,town,98,524,/index.php/Longtable,The Reach
Lorath,city,262,425,/index.php/Lorath,Free Cities
Lord Harroway's Town,town,116,455,/index.php/Lord_Harroway's_Town,The Riverlands
Lordsport,town,60,453,/index.php/Lordsport,The Iron Islands
Lys,city,234,589,/index.php/Lys,Free Cities
Maidenpool,castle,151,471,/index.php/Maidenpool,The Riverlands
Mander,river,80,540,/index.php/Mander,The Reach
Mantarys,city,404,609,/index.php/Mantarys,Valyria
Massey's Hook,region,193,520,/index.php/Massey's_Hook,The Stormlands
Meereen,city,482,594,/index.php/Meereen,Slaver's Bay
Mistwood,town,163,532,/index.php/Mistwood,The Stormlands
Moat Cailin,castle,114,388,/index.php/Moat_Cailin,The North
Mole's Town,town,147,299,/index.php/Mole's_Town,The North
Mountains of the Moon,region,160,430,/index.php/Mountains_of_the_Moon,The Vale
Mummer's Ford,region,108,498,/index.php/Mummer's_Ford,The Riverlands
Myr,city,245,546,/index.php/Myr,Free Cities
New Barrel,castle,104,533,/index.php/New_Barrel,The Reach
New Ghis,city,448,646,/index.php/New_Ghis,Slaver's Bay
Nightsong,castle,106,556,/index.php/Nightsong,The Stormlands
Norvos,city,277,467,/index.php/Norvos,Free Cities
Nunn's Deep,castle,93,496,/index.php/Nunn's_Deep,The Westerlands
Ny Sar,ruin,251,487,/index.php/Ny_Sar,Free Cities
Oakenshield,island,57,553,/index.php/Oakenshield,The Reach
Old Ghis,ruin,469,664,/index.php/Old_Ghis,Slaver's Bay
Old Oak,town,133,603,/index.php/Old_Oak,The Reach
Old Wyk,region,84,476,/index.php/Old_Wyk,The Iron Islands
Oldcastle,castle,184,396,/index.php/Oldcastle,The North
Oldstones,ruin,105,441,/index.php/Oldstones,The Riverlands
Oldtown,city,65,574,/index.php/Oldtown,The Reach
Orkmont,region,89,469,/index.php/Orkmont,The Iron Islands
Oros,ruin,393,671,/index.php/Oros,Valyria
Oxcross,town,83,560,/index.php/Oxcross,The Westerlands
Pebble,castle,196,428,/index.php/Pebble,The Vale
Pentos,city,228,496,/index.php/Pentos,Free Cities
Pinkmaiden,castle,116,416,/index.php/Pinkmaiden,The Riverlands
Planky Town,town,172,576,/index.php/Planky_Town,Dorne
Port of Ibben,city,338,278,/index.php/Port_of_Ibben,Ibben
Prince's Pass,region,118,567,/index.php/Prince's_Pass,Dorne
Pyke,castle,63,451,/index.php/Pyke,The Iron Islands
Qarth,city,625,710,/index.php/Qarth,Jade Sea
Qohor,city,323,496,/index.php/Qohor,Free Cities
Queenscrown,town,135,305,/index.php/Queenscrown,The North
Quiet Isle,island,111,474,/index.php/Quiet_Isle,The Riverlands
Rain House,castle,161,531,/index.php/Rain_House,The Stormlands
Rainwood,forest,158,549,/index.php/Rainwood,The Stormlands
Ramsgate,town,209,329,/index.php/Ramsgate,The North
Raventree Hall,castle,129,466,/index.php/Raventree_Hall,The Riverlands
Red Lake,castle,70,527,/index.php/Red_Lake,The Reach
Red Waste,region,555,615,/index.php/Red_Waste,Red Waste
Redfort,castle,156,451,/index.php/Redfort,The Vale
Rhoyne,river,265,500,/index.php/Rhoyne,Free Cities
Riverrun,castle,104,463,/index.php/Riverrun,The Riverlands
Rook's Rest,castle,152,488,/index.php/Rook's_Rest,The Crownlands
Ruby Ford,region,121,483,/index.php/Ruby_Ford,The Riverlands
Runestone,castle,187,444,/index.php/Runestone,The Vale
Saath,city,282,350,/index.php/Saath,Free Cities
Saltpans,town,143,469,/index.php/Saltpans,The Riverlands
Sandstone,castle,104,573,/index.php/Sandstone,Dorne
Sarsfield,castle,91,562,/index.php/Sarsfield,The Westerlands
Scourge,river,150,596,/index.php/Scourge,Dorne
Sea Dragon Point,region,72,356,/index.php/Sea_Dragon_Point,The North
Seagard,castle,100,435,/index.php/Seagard,The Riverlands
Sealskin Point,castle,47,456,/index.php/Sealskin_Point,The Iron Islands
Selhorys,city,296,534,/index.php/Selhorys,Free Cities
Sharp Point,castle,178,475,/index.php/Sharp_Point,The Crownlands
Silverhill,castle,108,441,/index.php/Silverhill,The Westerlands
Sisterton,town,141,401,/index.php/Sisterton,The Vale
Skagos,island,172,331,/index.php/Skagos,The North
Skyreach,castle,110,579,/index.php/Skyreach,Dorne
Snakewood,castle,167,421,/index.php/Snakewood,The Vale
Southshield,island,51,559,/index.php/Southshield,The Reach
Starfall,castle,92,586,/index.php/Starfall,Dorne
Stone Hedge,castle,96,477,/index.php/Stone_Hedge,The Riverlands
Stone Mill,town,128,457,/index.php/Stone_Mill,The Riverlands
Stonedance,castle,185,512,/index.php/Stonedance,The Crownlands
Stonehelm,castle,149,536,/index.php/Stonehelm,The Stormlands
Stoney Sept,town,129,485,/index.php/Stoney_Sept,The Riverlands
Storm's End,castle,176,531,/index.php/Storm's_End,The Stormlands
Strongsong,castle,134,431,/index.php/Strongsong,The Vale
Stygai,ruin,935,700,/index.php/Stygai,Shadow Lands
Summerhall,ruin,140,538,/index.php/Summerhall,The Stormlands
Sunflower Hall,castle,50,564,/index.php/Sunflower_Hall,The Reach
Sunset Sea,sea,35,430,/index.php/Sunset_Sea,The Westerlands
Sunspear,city,182,592,/index.php/Sunspear,Dorne
Tall Trees Town,city,94,692,/index.php/Tall_Trees_Town,Summer Isles
Tarbeck Hall,ruin,83,470,/index.php/Tarbeck_Hall,The Westerlands
Tarth,region,191,529,/index.php/Tarth,The Stormlands
Ten Towers,castle,75,445,/index.php/Ten_Towers,The Iron Islands
The Arbor,region,130,619,/index.php/The_Arbor,The Reach
The Axe,region,281,397,/index.php/The_Axe,Free Cities
The Crag,castle,55,468,/index.php/The_Crag,The Westerlands
The Disputed Lands,region,218,545,/index.php/The_Disputed_Lands,Free Cities
The Dreadfort,castle,150,338,/index.php/The_Dreadfort,The North
The Eyrie,castle,147,441,/index.php/The_Eyrie,The Vale
The Flatlands,region,225,470,/index.php/The_Flatlands,Free Cities
The Frostfangs,region,95,252,/index.php/The_Frostfangs,Beyond the Wall
The Gift,region,130,296,/index.php/The_Gift,The North
The Haunted Forest,region,120,308,/index.php/The_Haunted_Forest,Beyond the Wall
The Neck,region,102,415,/index.php/The_Neck,The North
The Shadow Tower,castle,122,288,/index.php/The_Shadow_Tower,The North
The Smoking Sea,sea,372,670,/index.php/The_Smoking_Sea,Valyria
The Sorrows,region,270,505,/index.php/The_Sorrows,Free Cities
The Stepstones,region,197,578,/index.php/The_Stepstones,The Stepstones
The Tor,castle,199,580,/index.php/The_Tor,Dorne
The Trident,region,125,427,/index.php/The_Trident,The Riverlands
The Twins,castle,103,427,/index.php/The_Twins,The Riverlands
The Wall,region,120,316,/index.php/The_Wall,Beyond the Wall
Thenn,region,130,240,/index.php/Thenn,Beyond the Wall
Three Sisters,region,140,401,/index.php/Three_Sisters,The Vale
Three Towers,town,63,579,/index.php/Three_Towers,The Reach
Tolos,city,427,621,/index.php/Tolos,Slaver's Bay
Torrhen's Square,castle,94,357,/index.php/Torrhen's_Square,The North
Tower of Joy,ruin,115,585,/index.php/Tower_of_Joy,Dorne
Tumbleton,town,121,520,/index.php/Tumbleton,The Reach
Tyria,ruin,382,687,/index.php/Tyria,Valyria
Tyrosh,city,209,553,/index.php/Tyrosh,Free Cities
Uplands,castle,113,541,/index.php/Uplands,The Reach
Vaes Dothrak,city,462,544,/index.php/Vaes_Dothrak,The Dothraki Sea
Vaes Tolorro,ruin,543,622,/index.php/Vaes_Tolorro,Red Waste
Vaith,castle,146,575,/index.php/Vaith,Dorne
Valyria,ruin,391,682,/index.php/Valyria,Valyria
Valysar,city,287,551,/index.php/Valysar,Free Cities
Volantis,city,319,595,/index.php/Volantis,Free Cities
Volon Therys,city,264,522,/index.php/Volon_Therys,Free Cities
Vulture's Roost,castle,56,494,/index.php/Vulture's_Roost,The Reach
Water Gardens,castle,176,577,/index.php/Water_Gardens,Dorne
Weeping Town,town,162,529,/index.php/Weeping_Town,The Stormlands
Wendish Town,town,113,416,/index.php/Wendish_Town,The Riverlands
Whispering Sound,region,67,589,/index.php/Whispering_Sound,The Reach
White Harbor,city,129,380,/index.php/White_Harbor,The North
Whitetree,town,113,311,/index.php/Whitetree,Beyond the Wall
Wickenden,town,162,486,/index.php/Wickenden,The Crownlands
Widow's Watch,castle,243,340,/index.php/Widow's_Watch,The North
Winterfell,castle,112,344,/index.php/Winterfell,The North
Wolfswood,forest,95,342,/index.php/Wolfswood,The North
Wyl,castle,187,565,/index.php/Wyl,Dorne
Yronwood,castle,128,576,/index.php/Yronwood,Dorne
Yunkai,city,468,606,/index.php/Yunkai,Slaver's Bay
