name,alive,title,culture,source
Ternesio Terys,true,,Braavosi,/index.php/Ternesio_Terys
Izembaro,true,,Braavosi,/index.php/Izembaro
Bellegere Otherys,true,Widow Wind,Braavosi,/index.php/Bellegere_Otherys
Brusco,true,,Braavosi,/index.php/Brusco
Talea,true,,Braavosi,/index.php/Talea
Tagganaro,true,,Braavosi,/index.php/Tagganaro
Vargo Hoat,false,,Qohori,/index.php/Vargo_Hoat
Urswyck,true,,,/index.php/Urswyck
Shagwell,false,,,/index.php/Shagwell
Zollo,true,,Dothraki,/index.php/Zollo
Rorge,false,,Westerosi,/index.php/Rorge
Biter,false,,,/index.php/Biter
Beric Dondarrion,false,,,/index.php/Beric_Dondarrion
Thoros of Myr,true,Ser,Myrish,/index.php/Thoros_of_Myr
Anguy,true,Ser,Marcher,/index.php/Anguy
Lem,true,Ser,,/index.php/Lem
Tom of Sevenstreams,true,Ser,Rivermen,/index.php/Tom_of_Sevenstreams
Mance Rayder,true,King-Beyond-the-Wall,Free folk,/index.php/Mance_Rayder
Tormund Giantsbane,true,,Free folk,/index.php/Tormund_Giantsbane
Ygritte,false,,Free folk,/index.php/Ygritte
Varamyr Sixskins,false,,Free folk,/index.php/Varamyr_Sixskins
Rattleshirt,false,,Free folk,/index.php/Rattleshirt
Styr,false,Magnar of Thenn,Free folk,/index.php/Styr
Orell,false,,Free folk,/index.php/Orell
Harma Dogshead,false,,Free folk,/index.php/Harma_Dogshead
Gilly,true,,Free folk,/index.php/Gilly
Val,true,,Free folk,/index.php/Val
Dalla,false,,Free folk,/index.php/Dalla
Weeper,true,,Free folk,/index.php/Weeper
Wun Wun,true,,,/index.php/Wun_Wun
Myles Toyne,false,,Free Cities,/index.php/Myles_Toyne
Harry Strickland,true,,Free Cities,/index.php/Harry_Strickland
Lysono Maar,true,,Lyseni,/index.php/Lysono_Maar
Gorys Edoryen,true,,Volantene,/index.php/Gorys_Edoryen
Black Balaq,true,Golden Company,Summer Islander,/index.php/Black_Balaq
Marq Mandrake,true,Ser,Westerosi,/index.php/Marq_Mandrake
Tristan Rivers,true,Ser,Rivermen,/index.php/Tristan_Rivers
Franklyn Flowers,true,,,/index.php/Franklyn_Flowers
Watty the Miller,true,Ser,Rivermen,/index.php/Watty_the_Miller
Will of the Woods,true,,,/index.php/Will_of_the_Woods
Young John Mudd,true,,Free Cities,/index.php/Young_John_Mudd
Ryon Allyrion,true,Ser,Dornish,/index.php/Ryon_Allyrion
Arthur Ambrose,true,,,/index.php/Arthur_Ambrose
Jon Arryn,false,Eyrie,Valemen,/index.php/Jon_Arryn
Lysa Arryn,false,,Rivermen,/index.php/Lysa_Arryn
Robert Arryn,true,Eyrie,Valemen,/index.php/Robert_Arryn
Elbert Arryn,false,Ser,,/index.php/Elbert_Arryn
Sharra Arryn,true,Queen,Valemen,/index.php/Sharra_Arryn
Ronnel Arryn,true,,,/index.php/Ronnel_Arryn
Androw Ashford,true,Ser,Reach,/index.php/Androw_Ashford
Robert Ashford,true,Ser,Reach,/index.php/Robert_Ashford
Quenten Banefort,true,Lord of Banefort,Westermen,/index.php/Quenten_Banefort
Robert Baratheon,false,Andals,,/index.php/Robert_Baratheon
Stannis Baratheon,true,Master of ships,,/index.php/Stannis_Baratheon
Renly Baratheon,false,Lord Paramount of the Stormlands,Stormlands,/index.php/Renly_Baratheon
Joffrey Baratheon,false,"King of the Andals, the Rhoynar, and the First Men",,/index.php/Joffrey_Baratheon
Myrcella Baratheon,true,,,/index.php/Myrcella_Baratheon
Tommen Baratheon,true,Andals,,/index.php/Tommen_Baratheon
Shireen Baratheon,true,,,/index.php/Shireen_Baratheon
Steffon Baratheon,false,Storm's End,,/index.php/Steffon_Baratheon
Cassana Baratheon,false,Storm's End,Stormlander,/index.php/Cassana_Baratheon
Orys Baratheon,false,Storm's End,,/index.php/Orys_Baratheon
Borros Baratheon,false,,Stormlander,/index.php/Borros_Baratheon
Ben Beesbury,false,Lord of Honeyholt,Reach,/index.php/Ben_Beesbury
Baelor Blacktyde,false,Blacktyde,Ironborn,/index.php/Baelor_Blacktyde
Tytos Blackwood,true,Raventree Hall,,/index.php/Tytos_Blackwood
Brynden Rivers,false,Ser,Valyrian,/index.php/Brynden_Rivers
Lucas Blackwood,false,,Rivermen,/index.php/Lucas_Blackwood
Roose Bolton,true,Dreadfort,Northmen,/index.php/Roose_Bolton
Ramsay Bolton,true,Hornwood,The North,/index.php/Ramsay_Bolton
Walton,true,,,/index.php/Walton
Domeric Bolton,false,,Northmen,/index.php/Domeric_Bolton
Sawane Botley,false,Lordsport,Ironborn,/index.php/Sawane_Botley
Jonos Bracken,true,Stone Hedge,,/index.php/Jonos_Bracken
Barbara Bracken,true,,,/index.php/Barbara_Bracken
Tytos Brax,true,,Westermen,/index.php/Tytos_Brax
Flement Brax,true,Ser,Westermen,/index.php/Flement_Brax
Lothor Brune,true,,Crackclaws,/index.php/Lothor_Brune
Alysanne Bulwer,true,Lady of Blackcrown,Reach,/index.php/Alysanne_Bulwer
Rodrik Cassel,false,,Northmen,/index.php/Rodrik_Cassel
Jory Cassel,false,Captain of the guards,Northmen,/index.php/Jory_Cassel
Beth Cassel,true,,Northmen,/index.php/Beth_Cassel
Lorent Caswell,true,,Reach,/index.php/Lorent_Caswell
Ardrian Celtigar,true,Claw Isle,,/index.php/Ardrian_Celtigar
Cley Cerwyn,false,Cerwyn,Northmen,/index.php/Cley_Cerwyn
Jonelle Cerwyn,true,Cerwyn,Northmen,/index.php/Jonelle_Cerwyn
Medger Cerwyn,false,Lord of Cerwyn,Northmen,/index.php/Medger_Cerwyn
Sandor Clegane,false,,,/index.php/Sandor_Clegane
Gregor Clegane,false,Ser,,/index.php/Gregor_Clegane
Jon Connington,true,Lord of Griffin's Roost,Stormlands,/index.php/Jon_Connington
Ronnet Connington,true,,Stormlander,/index.php/Ronnet_Connington
Lyn Corbray,true,Ser,,/index.php/Lyn_Corbray
Leo Lefford,false,Golden Tooth,,/index.php/Leo_Lefford
Burton Crakehall,false,Ser,,/index.php/Burton_Crakehall
Roland Crakehall,true,,,/index.php/Roland_Crakehall
Lyle Crakehall,true,Ser,Westermen,/index.php/Lyle_Crakehall
Sumner Crakehall,false,,Westermen,/index.php/Sumner_Crakehall
Tybolt Crakehall,true,Ser,Westermen,/index.php/Tybolt_Crakehall
Parmen Crane,true,Ser,,/index.php/Parmen_Crane
Emmon Cuy,false,Ser,,/index.php/Emmon_Cuy
Lyman Darry,false,,,/index.php/Lyman_Darry
Raymun Darry,false,Darry,,/index.php/Raymun_Darry
Arthur Dayne,false,Ser,Dornishmen,/index.php/Arthur_Dayne
Ashara Dayne,false,,,/index.php/Ashara_Dayne
Edric Dayne,true,Lord of Starfall,,/index.php/Edric_Dayne
Gerold Dayne,true,,Dornishmen,/index.php/Gerold_Dayne
Allyria Dayne,true,,Dornishmen,/index.php/Allyria_Dayne
Barbrey Dustin,true,Lady of Barrowton,Northmen,/index.php/Barbrey_Dustin
Willam Dustin,false,Barrowton,Northmen,/index.php/Willam_Dustin
Jeyne Farman,true,,Westermen,/index.php/Jeyne_Farman
Alester Florent,false,Brightwater,,/index.php/Alester_Florent
Selyse Florent,true,,,/index.php/Selyse_Florent
Imry Florent,false,,Reach,/index.php/Imry_Florent
Axell Florent,true,Ser,,/index.php/Axell_Florent
Rylene Florent,true,,Reach,/index.php/Rylene_Florent
Tanton Fossoway,true,Ser,,/index.php/Tanton_Fossoway
Jon Fossoway,true,Ser,Reach,/index.php/Jon_Fossoway
Raymun Fossoway,true,Ser,Reach,/index.php/Raymun_Fossoway
Leonette Fossoway,true,Brightwater Keep,Reach,/index.php/Leonette_Fossoway
Franklyn Fowler,true,Skyreach,Dornishmen,/index.php/Franklyn_Fowler
Walder Frey,true,Lord of the Crossing,rivermen,/index.php/Walder_Frey
Black Walder Frey,true,,Rivermen,/index.php/Black_Walder_Frey
Lothar Frey,true,Twins,Rivermen,/index.php/Lothar_Frey
Roslin Frey,true,,Rivermen,/index.php/Roslin_Frey
Perwyn Frey,true,Ser,,/index.php/Perwyn_Frey
Edwyn Frey,true,,,/index.php/Edwyn_Frey
Stevron Frey,false,Ser,,/index.php/Stevron_Frey
Emmon Frey,true,Riverrun,,/index.php/Emmon_Frey
Ryman Frey,false,Ser,,/index.php/Ryman_Frey
Aenys Frey,false,Ser,,/index.php/Aenys_Frey
Walder Rivers,true,Ser,Rivermen,/index.php/Walder_Rivers
Jared Frey,false,Ser,Rivermen,/index.php/Jared_Frey
Raymund Frey,true,Ser,Rivermen,/index.php/Raymund_Frey
Robett Glover,true,,Northmen,/index.php/Robett_Glover
Galbart Glover,true,,Northmen,/index.php/Galbart_Glover
Sybelle Glover,true,Deepwood Motte,Northmen,/index.php/Sybelle_Glover
Gorold Goodbrother,true,,Ironborn,/index.php/Gorold_Goodbrother
Balon Greyjoy,false,Iron King,,/index.php/Balon_Greyjoy
Euron Greyjoy,true,Iron King,Ironborn,/index.php/Euron_Greyjoy
Victarion Greyjoy,true,Lord Captain of the Iron Fleet,Ironborn,/index.php/Victarion_Greyjoy
Aeron Greyjoy,true,Golden Storm,Ironmen,/index.php/Aeron_Greyjoy
Theon Greyjoy,true,Sea Bitch,ironmen,/index.php/Theon_Greyjoy
Asha Greyjoy,true,Black Wind,Ironborn,/index.php/Asha_Greyjoy
Quellon Greyjoy,false,Lord of the Iron Islands,Ironborn,/index.php/Quellon_Greyjoy
Rodrik Greyjoy,false,,Ironborn,/index.php/Rodrik_Greyjoy
Maron Greyjoy,false,,Ironborn,/index.php/Maron_Greyjoy
Alannys Harlaw,true,Iron Islands,Ironborn,/index.php/Alannys_Harlaw
Dagmer Cleftjaw,true,,Ironborn,/index.php/Dagmer_Cleftjaw
Wex Pyke,true,,ironborn,/index.php/Wex_Pyke
Erik Ironmaker,true,,Ironborn,/index.php/Erik_Ironmaker
Qarl the Maid,true,,ironborn,/index.php/Qarl_the_Maid
Tristifer Botley,true,Lord of Lordsport,ironborn,/index.php/Tristifer_Botley
Guthor Grimm,true,Lord of Greyshield,Reach,/index.php/Guthor_Grimm
Rodrik Harlaw,true,Harlaw,Ironborn,/index.php/Rodrik_Harlaw
Boremund Harlaw,true,Master of Harridan Hill,ironborn,/index.php/Boremund_Harlaw
Harras Harlaw,true,,ironborn,/index.php/Harras_Harlaw
Sigfryd Harlaw,true,Master of Harlaw Hall,Ironborn,/index.php/Sigfryd_Harlaw
Humfrey Hewett,false,Lord of Oakenshield,Reach,/index.php/Humfrey_Hewett
Leyton Hightower,true,Hightower,,/index.php/Leyton_Hightower
Malora Hightower,true,,,/index.php/Malora_Hightower
Baelor Hightower,true,Ser,Reach,/index.php/Baelor_Hightower
Lynesse Hightower,true,Bear Island,Reach,/index.php/Lynesse_Hightower
Gerold Hightower,false,,Reach,/index.php/Gerold_Hightower
Halys Hornwood,false,Hornwood,Northmen,/index.php/Halys_Hornwood
Donella Hornwood,false,Lady of the Hornwood,Northmen,/index.php/Donella_Hornwood
Daryn Hornwood,false,,Northmen,/index.php/Daryn_Hornwood
Larence Snow,true,,Northmen,/index.php/Larence_Snow
Areo Hotah,true,Sunspear,Norvos,/index.php/Areo_Hotah
Eon Hunter,false,Longbow Hall,,/index.php/Eon_Hunter
Rickard Karstark,false,Karhold,Northmen,/index.php/Rickard_Karstark
Harrion Karstark,true,Karhold,Northmen,/index.php/Harrion_Karstark
Alys Karstark,true,,Northmen,/index.php/Alys_Karstark
Torrhen Karstark,false,,Northmen,/index.php/Torrhen_Karstark
Eddard Karstark,false,,Northmen,/index.php/Eddard_Karstark
Arnolf Karstark,true,Castellan,Northmen,/index.php/Arnolf_Karstark
Tywin Lannister,false,Lord of Casterly Rock,Westermen,/index.php/Tywin_Lannister
Cersei Lannister,true,Light of the West,Westerlands,/index.php/Cersei_Lannister
Jaime Lannister,true,Ser,Westermen,/index.php/Jaime_Lannister
Tyrion Lannister,true,Hand of the King,,/index.php/Tyrion_Lannister
Kevan Lannister,false,Ser,,/index.php/Kevan_Lannister
Lancel Lannister,true,Ser,,/index.php/Lancel_Lannister
Joanna Lannister,false,Casterly Rock,Westermen,/index.php/Joanna_Lannister
Genna Lannister,true,,,/index.php/Genna_Lannister
Tygett Lannister,false,Ser,,/index.php/Tygett_Lannister
Gerion Lannister,false,,,/index.php/Gerion_Lannister
Tyrek Lannister,false,,,/index.php/Tyrek_Lannister
Martyn Lannister,true,,,/index.php/Martyn_Lannister
Willem Lannister,false,,,/index.php/Willem_Lannister
Joy Hill,true,,,/index.php/Joy_Hill
Stafford Lannister,false,Ser,Westermen,/index.php/Stafford_Lannister
Daven Lannister,true,,Westermen,/index.php/Daven_Lannister
Jason Lannister,false,,Westermen,/index.php/Jason_Lannister
Damon Lannister,true,,,/index.php/Damon_Lannister
Gerold Lannister,false,,Westermen,/index.php/Gerold_Lannister
Tytos Lannister,false,,Westermen,/index.php/Tytos_Lannister
Lann the Clever,false,King of the Rock,,/index.php/Lann_the_Clever
Janei Lannister,true,,Westermen,/index.php/Janei_Lannister
Alysanne Lefford,true,Lady of the Golden Tooth,Westermen,/index.php/Alysanne_Lefford
Donnel Locke,false,Ser,Northmen,/index.php/Donnel_Locke
Amory Lorch,false,Ser,,/index.php/Amory_Lorch
Jason Mallister,true,Seagard,Riverlands,/index.php/Jason_Mallister
Patrek Mallister,true,,,/index.php/Patrek_Mallister
Wyman Manderly,true,White Harbor,,/index.php/Wyman_Manderly
Wylis Manderly,true,Ser,,/index.php/Wylis_Manderly
Wendel Manderly,false,Ser,,/index.php/Wendel_Manderly
Myles Manwoody,true,Ser,,/index.php/Myles_Manwoody
Dagos Manwoody,true,Lord of Kingsgrave,Dornishmen,/index.php/Dagos_Manwoody
Addam Marbrand,true,Ser,,/index.php/Addam_Marbrand
Damon Marbrand,true,Lord of Ashemark,Westermen,/index.php/Damon_Marbrand
Doran Martell,true,Prince of Dorne,Dornish,/index.php/Doran_Martell
Oberyn Martell,false,,Dornishmen,/index.php/Oberyn_Martell
Elia Martell,false,,,/index.php/Elia_Martell
Arianne Martell,true,,Dornishmen,/index.php/Arianne_Martell
Quentyn Martell,false,Ser,Dornishmen,/index.php/Quentyn_Martell
Trystane Martell,true,,Dornish,/index.php/Trystane_Martell
Mellario,true,,Norvoshi,/index.php/Mellario
Ellaria Sand,true,,Dornish,/index.php/Ellaria_Sand
Obara Sand,true,,Dornish,/index.php/Obara_Sand
Nymeria Sand,true,,Dornishmen,/index.php/Nymeria_Sand
Tyene Sand,true,,Dornish,/index.php/Tyene_Sand
Sarella Sand,true,,Dornishmen,/index.php/Sarella_Sand
Daemon Sand,true,Ser,Dornishmen,/index.php/Daemon_Sand
Sylva Santagar,true,Greenstone,Dornishmen,/index.php/Sylva_Santagar
Orton Merryweather,true,,Reach,/index.php/Orton_Merryweather
Taena Merryweather,true,Longtable,Myrish,/index.php/Taena_Merryweather
Jeor Mormont,false,Bear Island,Northmen,/index.php/Jeor_Mormont
Maege Mormont,true,Bear Island,Northmen,/index.php/Maege_Mormont
Jorah Mormont,true,Ser,Northmen,/index.php/Jorah_Mormont
Lyanna Mormont,true,,Northmen,/index.php/Lyanna_Mormont
Dacey Mormont,false,,Northmen,/index.php/Dacey_Mormont
Nymeria,true,,Rhoynar,/index.php/Nymeria
Arys Oakheart,false,Ser,Reach,/index.php/Arys_Oakheart
Arwyn Oakheart,true,Lady of Old Oak,Reach,/index.php/Arwyn_Oakheart
Eustace Osgrey,true,Knight,,/index.php/Eustace_Osgrey
Addam Osgrey,false,,,/index.php/Addam_Osgrey
Podrick Payne,true,,,/index.php/Podrick_Payne
Ilyn Payne,true,Ser,Westeros,/index.php/Ilyn_Payne
Titus Peake,true,Lord of Starpike,Reach,/index.php/Titus_Peake
Laswell Peake,true,,Reach,/index.php/Laswell_Peake
Pykewood Peake,true,,Free Cities,/index.php/Pykewood_Peake
Elwood Meadows,true,Grassy Vale,Reach,/index.php/Elwood_Meadows
Cortnay Penrose,false,Ser,,/index.php/Cortnay_Penrose
Clement Piper,true,Pinkmaiden,Rivermen,/index.php/Clement_Piper
Marq Piper,true,Ser,Rivermen,/index.php/Marq_Piper
Philip Plumm,true,Lord,Westermen,/index.php/Philip_Plumm
Maynard Plumm,true,Ser,Westermen,/index.php/Maynard_Plumm
Vayon Poole,false,Winterfell,Northmen,/index.php/Vayon_Poole
Garrison Prester,true,Feastfires,westermen,/index.php/Garrison_Prester
Forley Prester,true,Ser,Westermen,/index.php/Forley_Prester
Jasper Redfort,true,Ser,Valemen,/index.php/Jasper_Redfort
Paxter Redwyne,true,Arbor,,/index.php/Paxter_Redwyne
Horas Redwyne,true,Ser,Reach,/index.php/Horas_Redwyne
Hobber Redwyne,true,Ser,Reach,/index.php/Hobber_Redwyne
Desmera Redwyne,true,,Reach,/index.php/Desmera_Redwyne
Howland Reed,true,Greywater Watch,Crannogmen,/index.php/Howland_Reed
Jojen Reed,true,,Crannogmen,/index.php/Jojen_Reed
Meera Reed,true,,Crannogmen,/index.php/Meera_Reed
Roger Reyne,false,,Westermen,/index.php/Roger_Reyne
Reynard Reyne,false,Ser,Westermen,/index.php/Reynard_Reyne
Ellyn Reyne,false,Tarbeck Hall,Westermen,/index.php/Ellyn_Reyne
Gyles Rosby,false,Master of Coin,,/index.php/Gyles_Rosby
Mathis Rowan,true,Goldengrove,Reach,/index.php/Mathis_Rowan
Rhonda Rowan,true,,Reach,/index.php/Rhonda_Rowan
Yohn Royce,true,Runestone,Valemen,/index.php/Yohn_Royce
Andar Royce,true,Ser,Valemen,/index.php/Andar_Royce
Waymar Royce,false,Ser,Valemen,/index.php/Waymar_Royce
Robar Royce,false,Ser,Valemen,/index.php/Robar_Royce
Rodrik Ryswell,true,Rills,Northmen,/index.php/Rodrik_Ryswell
Barbrey Ryswell,true,Lady of Barrowton,Northmen,/index.php/Barbrey_Ryswell
Barristan Selmy,true,Ser,Westeros,/index.php/Barristan_Selmy
Talbert Serry,false,,Reach,/index.php/Talbert_Serry
Rolph Spicer,true,,Westermen,/index.php/Rolph_Spicer
Eddard Stark,false,Lord of Winterfell,Northmen,/index.php/Eddard_Stark
Catelyn Stark,false,Winterfell,Rivermen,/index.php/Catelyn_Stark
Robb Stark,false,King in the North,,/index.php/Robb_Stark
Sansa Stark,true,,Northmen,/index.php/Sansa_Stark
Arya Stark,true,,northmen,/index.php/Arya_Stark
Bran Stark,true,Prince of Winterfell,northmen,/index.php/Bran_Stark
Rickon Stark,true,,Northmen,/index.php/Rickon_Stark
Jon Snow,true,Lord Commander of the Night's Watch,Northmen,/index.php/Jon_Snow
Rickard Stark,false,Winterfell,Northmen,/index.php/Rickard_Stark
Lyanna Stark,false,,Northmen,/index.php/Lyanna_Stark
Brandon Stark,false,,Northmen,/index.php/Brandon_Stark
Benjen Stark,true,First Ranger,Northmen,/index.php/Benjen_Stark
Lyarra Stark,true,,Northmen,/index.php/Lyarra_Stark
Mordane,false,Septa,Westerosi,/index.php/Mordane
Old Nan,true,,Northmen,/index.php/Old_Nan
Hodor,true,,Northmen,/index.php/Hodor
Bronn,true,,,/index.php/Bronn
Falyse Stokeworth,false,,,/index.php/Falyse_Stokeworth
Lollys Stokeworth,true,Stokeworth,,/index.php/Lollys_Stokeworth
Tanda Stokeworth,false,Lady of Stokeworth,Crownlands,/index.php/Tanda_Stokeworth
Mya Stone,true,,,/index.php/Mya_Stone
Balon Swann,true,Ser,Stormlander,/index.php/Balon_Swann
Harys Swyft,true,,Westermen,/index.php/Harys_Swyft
Dorna Swyft,true,,Westermen,/index.php/Dorna_Swyft
Helman Tallhart,false,,Northmen,/index.php/Helman_Tallhart
Leobald Tallhart,false,Castellan,Northmen,/index.php/Leobald_Tallhart
Benfred Tallhart,false,,Northmen,/index.php/Benfred_Tallhart
Aegon I Targaryen,false,King of All Westeros Shield of His People,,/index.php/Aegon_I_Targaryen
Aerys II Targaryen,false,"King of the Andals, the Rhoynar, and the First Men",,/index.php/Aerys_II_Targaryen
Rhaegar Targaryen,false,Prince of Dragonstone,Crownlands,/index.php/Rhaegar_Targaryen
Daenerys Targaryen,true,Meereen,Free Cities,/index.php/Daenerys_Targaryen
Viserys Targaryen,false,Lord of the Seven Kingdoms,Valyrian,/index.php/Viserys_Targaryen
Aegon V Targaryen,false,Andals,,/index.php/Aegon_V_Targaryen
Rhaella Targaryen,false,,Crownlands,/index.php/Rhaella_Targaryen
Jaehaerys II Targaryen,false,Andals,,/index.php/Jaehaerys_II_Targaryen
Rhaenys Targaryen,false,,Crownlands,/index.php/Rhaenys_Targaryen
Aemon Targaryen (son of Maekar I),false,,Crownlands,/index.php/Aemon_Targaryen_(son_of_Maekar_I)
Aemon Targaryen (son of Viserys II),false,Ser,Valyrian,/index.php/Aemon_Targaryen_(son_of_Viserys_II)
Aegon Targaryen (Young Griff),true,,,/index.php/Aegon_Targaryen_(Young_Griff)
Rhaego,false,Khalakka,,/index.php/Rhaego
Viserys I Targaryen,false,,,/index.php/Viserys_I_Targaryen
Rhaenyra Targaryen,false,,,/index.php/Rhaenyra_Targaryen
Daemon Targaryen,false,Master of coin,Crownlands,/index.php/Daemon_Targaryen
Aegon III Targaryen,false,Andals,Valyrian,/index.php/Aegon_III_Targaryen
Aemond Targaryen,false,Protector of the Realm,Valyrian,/index.php/Aemond_Targaryen
Jaehaerys I Targaryen,false,Andals,,/index.php/Jaehaerys_I_Targaryen
Visenya Targaryen,false,,Crownlands,/index.php/Visenya_Targaryen
Aegon II Targaryen,false,Andals,,/index.php/Aegon_II_Targaryen
Aegon IV Targaryen,false,Andals,,/index.php/Aegon_IV_Targaryen
Aerion Targaryen,false,,Valyrian,/index.php/Aerion_Targaryen
Daeron II Targaryen,false,,,/index.php/Daeron_II_Targaryen
Aenys I Targaryen,false,"King of the Andals, the Rhoynar, and the First Men",,/index.php/Aenys_I_Targaryen
Randyll Tarly,true,Horn Hill,,/index.php/Randyll_Tarly
Samwell Tarly,true,,Reachmen,/index.php/Samwell_Tarly
Dickon Tarly,true,,,/index.php/Dickon_Tarly
Talla Tarly,true,,Marcher,/index.php/Talla_Tarly
Brienne of Tarth,true,,,/index.php/Brienne_of_Tarth
Selwyn Tarth,true,Evenstar,,/index.php/Selwyn_Tarth
Hoster Tully,false,Lord Paramount of the Trident,Rivermen,/index.php/Hoster_Tully
Edmure Tully,true,Ser,Rivermen,/index.php/Edmure_Tully
Brynden Tully,true,Ser,Rivermen,/index.php/Brynden_Tully
Minisa Tully,false,Riverrun,Rivermen,/index.php/Minisa_Tully
Mace Tyrell,true,Highgarden,,/index.php/Mace_Tyrell
Olenna Tyrell,true,,Reach,/index.php/Olenna_Tyrell
Margaery Tyrell,true,Seven Kingdoms,Reach,/index.php/Margaery_Tyrell
Loras Tyrell,true,Ser,The Reach,/index.php/Loras_Tyrell
Willas Tyrell,true,,,/index.php/Willas_Tyrell
Alerie Tyrell,true,Highgarden,Reach,/index.php/Alerie_Tyrell
Garlan Tyrell,true,Ser,,/index.php/Garlan_Tyrell
Luthor Tyrell,false,,Reach,/index.php/Luthor_Tyrell
Janna Tyrell,true,,Reach,/index.php/Janna_Tyrell
Gormon Tyrell,true,Maester,Reach,/index.php/Gormon_Tyrell
Leo Tyrell,true,,,/index.php/Leo_Tyrell
Alerie Hightower,true,Highgarden,Reach,/index.php/Alerie_Hightower
Greatjon Umber,true,Lord of the Last Hearth,Northmen,/index.php/Greatjon_Umber
Smalljon Umber,false,,Northmen,/index.php/Smalljon_Umber
Mors Umber,true,Castellan,Northmen,/index.php/Mors_Umber
Hother Umber,true,Castellan,Northmen,/index.php/Hother_Umber
Jon Umber (Greatjon),true,Lord of the Last Hearth,Northmen,/index.php/Jon_Umber_(Greatjon)
Jon Umber (Smalljon),false,,Northmen,/index.php/Jon_Umber_(Smalljon)
Karyl Vance,true,Ser,,/index.php/Karyl_Vance
Steffon Varner,true,Lord,Reach,/index.php/Steffon_Varner
Monford Velaryon,false,Lord of the Tides,Valyrian,/index.php/Monford_Velaryon
Monterys Velaryon,true,Lord of the Tides,crownlands,/index.php/Monterys_Velaryon
Lymond Vikary,true,Ser,Westermen,/index.php/Lymond_Vikary
Igon Vyrwel,true,Captain of the guards,Reach,/index.php/Igon_Vyrwel
Anya Waynwood,true,Ironoaks,,/index.php/Anya_Waynwood
Wallace Waynwood,true,Ser,,/index.php/Wallace_Waynwood
Rohanne Webber,false,,Reach,/index.php/Rohanne_Webber
Jeyne Westerling,true,Winterfell,Westermen,/index.php/Jeyne_Westerling
Sybell Spicer,true,Crag,,/index.php/Sybell_Spicer
Gawen Westerling,true,Lord of the Crag,Westermen,/index.php/Gawen_Westerling
Rollam Westerling,true,,Westermen,/index.php/Rollam_Westerling
Eleyna Westerling,true,,Westermen,/index.php/Eleyna_Westerling
Shella Whent,false,Harrenhal,Rivermen,/index.php/Shella_Whent
Josua Willum,true,,Reach,/index.php/Josua_Willum
Elyas Willum,true,,Reach,/index.php/Elyas_Willum
Othell Yarwyck,true,First Builder,Westermen,/index.php/Othell_Yarwyck
Anders Yronwood,true,Yronwood,,/index.php/Anders_Yronwood
Cletus Yronwood,false,Ser,,/index.php/Cletus_Yronwood
Tycho Nestoris,true,,Braavosi,/index.php/Tycho_Nestoris
Pycelle,false,Grand Maester,Westerosi,/index.php/Pycelle
Gendry,true,Ser,Crownlands,/index.php/Gendry
Jeyne Poole,true,Winterfell,Northmen,/index.php/Jeyne_Poole
Dontos Hollard,false,Ser,Crownlands,/index.php/Dontos_Hollard
Boros Blount,true,Ser,,/index.php/Boros_Blount
Meryn Trant,true,Ser,,/index.php/Meryn_Trant
Mandon Moore,false,Ser,Valemen,/index.php/Mandon_Moore
Preston Greenfield,false,Ser,Westermen,/index.php/Preston_Greenfield
Osmund Kettleblack,true,Ser,,/index.php/Osmund_Kettleblack
Janos Slynt,false,Harrenhal,,/index.php/Janos_Slynt
Qyburn,true,,Westerosi,/index.php/Qyburn
Khal Drogo,false,,Dothraki,/index.php/Khal_Drogo
Melisandre,true,,Asshai,/index.php/Melisandre
Davos Seaworth,true,,Crownlands,/index.php/Davos_Seaworth
Alysanne Targaryen,false,,,/index.php/Alysanne_Targaryen
Baelor I Targaryen,false,Andals,,/index.php/Baelor_I_Targaryen
Daeron I Targaryen,false,Andals,,/index.php/Daeron_I_Targaryen
Criston Cole,false,,Marcher,/index.php/Criston_Cole
Hot Pie,true,,,/index.php/Hot_Pie
Shae,false,,,/index.php/Shae
Osney Kettleblack,true,Ser,,/index.php/Osney_Kettleblack
Osfryd Kettleblack,true,Ser,Crownlands,/index.php/Osfryd_Kettleblack
Osha,true,,Free folk,/index.php/Osha
Nestor Royce,true,,Valemen,/index.php/Nestor_Royce
Albar Royce,true,Ser,Valemen,/index.php/Albar_Royce
Sigorn,true,Magnar of Thenn,Free folk,/index.php/Sigorn
Meribald,true,Septon,Rivermen,/index.php/Meribald
Marwyn,true,Archmaester,Westeros,/index.php/Marwyn
Qhorin Halfhand,false,,,/index.php/Qhorin_Halfhand
Eddison Tollett,true,,Valemen,/index.php/Eddison_Tollett
Grenn,true,,Westeros,/index.php/Grenn
Pypar,true,,,/index.php/Pypar
Donal Noye,false,,Stormlander,/index.php/Donal_Noye
Yoren,false,,Westeros,/index.php/Yoren
Satin,true,,Reach,/index.php/Satin
Dirk,false,,Westeros,/index.php/Dirk
Pyat Pree,true,Warlock,,/index.php/Pyat_Pree
Quaithe,true,,Asshai'i,/index.php/Quaithe
Reznak mo Reznak,true,Meereen,Ghiscari,/index.php/Reznak_mo_Reznak
Grazdan mo Eraz,true,,Ghiscari,/index.php/Grazdan_mo_Eraz
Grazdan mo Ullhor,false,,Ghiscari,/index.php/Grazdan_mo_Ullhor
Brown Ben Plumm,true,,,/index.php/Brown_Ben_Plumm
Yurkhaz zo Yunzak,false,Supreme Commander of the Armies and Allies of Yunkai,Ghiscari,/index.php/Yurkhaz_zo_Yunzak
Morghaz zo Zherzyn,true,Supreme Commander of the Armies and Allies of Yunkai,Ghiscari,/index.php/Morghaz_zo_Zherzyn
Faezhar zo Faez,true,Supreme Commander of the Armies and Allies of Yunkai,Ghiscari,/index.php/Faezhar_zo_Faez
Ghazdor zo Ahlaq,true,Supreme Commander of the Armies and Allies of Yunkai,Ghiscari,/index.php/Ghazdor_zo_Ahlaq
Belicho Staegone,true,,Volantene,/index.php/Belicho_Staegone
Cleon,false,King of Astapor,Astapori,/index.php/Cleon
Mossador,false,,Naathi,/index.php/Mossador
Oznak zo Pahl,false,,Ghiscari,/index.php/Oznak_zo_Pahl
Kezmya,true,,Ghiscari,/index.php/Kezmya
Skahaz mo Kandaq,true,,Ghiscari,/index.php/Skahaz_mo_Kandaq
Mago,true,Bloodrider,Dothraki,/index.php/Mago
Aggo,true,,Dothraki,/index.php/Aggo
Jhogo,true,Bloodrider,Dothraki,/index.php/Jhogo
Quaro,false,,Dothraki,/index.php/Quaro
Haggo,false,Bloodrider,Dothraki,/index.php/Haggo
Mirri Maz Duur,false,,Lhazareen,/index.php/Mirri_Maz_Duur
High Sparrow,true,High Septon,,/index.php/High_Sparrow
Shagga,true,,Vale mountain clans,/index.php/Shagga
Timett,true,red hand,Vale mountain clans,/index.php/Timett
Benerro,true,,Volantis,/index.php/Benerro
Malaquo Maegyr,true,Triarch of Volantis,Volantene,/index.php/Malaquo_Maegyr
Nyessos Vhassar,true,Triarch of Volantis,Volantene,/index.php/Nyessos_Vhassar
Qavo Nogarys,true,,Volantene,/index.php/Qavo_Nogarys
Petyr Baelish,true,Master of coin,Valemen,/index.php/Petyr_Baelish
Varys,true,,,/index.php/Varys
Syrio Forel,false,Braavos,Braavosi,/index.php/Syrio_Forel
Jaqen H'ghar,true,,,/index.php/Jaqen_H'ghar
Alliser Thorne,true,Ser,,/index.php/Alliser_Thorne
Bowen Marsh,true,Lord Steward,,/index.php/Bowen_Marsh
Craster,false,,Free folk,/index.php/Craster
Daario Naharis,true,,Tyroshi,/index.php/Daario_Naharis
Missandei,true,,Naathi,/index.php/Missandei
Grey Worm,true,,,/index.php/Grey_Worm
Xaro Xhoan Daxos,true,,Qartheen,/index.php/Xaro_Xhoan_Daxos
Illyrio Mopatis,true,Magister,Pentoshi,/index.php/Illyrio_Mopatis
Doreah,false,,Lysene,/index.php/Doreah
Irri,true,,Dothraki,/index.php/Irri
Jhiqui,true,,Dothraki,/index.php/Jhiqui
Rakharo,true,,Dothraki,/index.php/Rakharo
Qotho,false,Bloodrider,Dothraki,/index.php/Qotho
Cohollo,false,Bloodrider,Dothraki,/index.php/Cohollo
Khal Jhaqo,true,,Dothraki,/index.php/Khal_Jhaqo
Kraznys mo Nakloz,false,,Astapor,/index.php/Kraznys_mo_Nakloz
Galazza Galare,true,Green Grace,Ghiscari,/index.php/Galazza_Galare
Hizdahr zo Loraq,true,Ghis,Ghiscari,/index.php/Hizdahr_zo_Loraq
Strong Belwas,true,,Meereenese,/index.php/Strong_Belwas
Salladhor Saan,true,Prince of the Narrow Sea,Lysene,/index.php/Salladhor_Saan
Yezzan zo Qaggaz,false,,Ghiscari,/index.php/Yezzan_zo_Qaggaz
Luwin,false,Maester,Westeros,/index.php/Luwin
Edd Tollett,true,,Valemen,/index.php/Edd_Tollett
Chett,false,,Rivermen,/index.php/Chett
Hallyne,true,,Crownlands,/index.php/Hallyne
Maekar I Targaryen,false,Andals,,/index.php/Maekar_I_Targaryen
Viserys II Targaryen,false,Andals,,/index.php/Viserys_II_Targaryen
Robert Strong,true,Ser,,/index.php/Robert_Strong
Alysane Mormont,true,,Northmen,/index.php/Alysane_Mormont
Wynafryd Manderly,true,,,/index.php/Wynafryd_Manderly
Wylla Manderly,true,,,/index.php/Wylla_Manderly
Marillion,false,,,/index.php/Marillion
Polliver,false,Castellan,Westermen,/index.php/Polliver
Weese,false,,Rivermen,/index.php/Weese
