character,house
Ryon Allyrion,House Allyrion
Arthur Ambrose,House Ambrose
Jon Arryn,House Arryn
Robert Arryn,House Arryn
Elbert Arryn,House Arryn
Sharra Arryn,House Arryn
Androw Ashford,House Ashford
Robert Ashford,House Ashford
Quenten Banefort,House Banefort
Robert Baratheon,House Baratheon of King's Landing
Stannis Baratheon,House Baratheon of Dragonstone
Renly Baratheon,House Baratheon
Joffrey Baratheon,House Baratheon of King's Landing
Myrcella Baratheon,House Baratheon of King's Landing
Shireen Baratheon,House Baratheon of Dragonstone
Steffon Baratheon,House Baratheon
Orys Baratheon,House Baratheon
Ben Beesbury,House Beesbury
Baelor Blacktyde,House Blacktyde
Tytos Blackwood,House Blackwood
Brynden Rivers,House Targaryen
Lucas Blackwood,House Blackwood
Roose Bolton,House Bolton
Ramsay Bolton,House Bolton
Domeric Bolton,House Bolton
Sawane Botley,House Botley
Jonos Bracken,House Bracken
Barbara Bracken,House Bracken
Tytos Brax,House Brax
Flement Brax,House Brax
Alysanne Bulwer,House Bulwer
Lorent Caswell,House Caswell
Ardrian Celtigar,House Celtigar
Cley Cerwyn,House Cerwyn
Jonelle Cerwyn,House Cerwyn
Medger Cerwyn,House Cerwyn
Sandor Clegane,House Clegane
Gregor Clegane,House Clegane
Jon Connington,House Connington
Ronnet Connington,House Connington
Lyn Corbray,House Corbray
Leo Lefford,House Lefford
Burton Crakehall,House Crakehall
Lyle Crakehall,House Crakehall
Sumner Crakehall,House Crakehall
Tybolt Crakehall,House Crakehall
Parmen Crane,House Crane
Emmon Cuy,House Cuy
Lyman Darry,House Darry
Raymun Darry,House Darry
Arthur Dayne,House Dayne
Ashara Dayne,House Dayne
Edric Dayne,House Dayne
Allyria Dayne,House Dayne
Willam Dustin,House Dustin
Alester Florent,House Florent
Selyse Florent,House Florent
Imry Florent,House Florent
Axell Florent,House Florent
Tanton Fossoway,House Fossoway of Cider Hall
Jon Fossoway,House Fossoway of New Barrel
Franklyn Fowler,House Fowler
Walder Frey,House Frey
Black Walder Frey,House Frey
Lothar Frey,House Frey
Roslin Frey,House Frey
Perwyn Frey,House Frey
Edwyn Frey,House Frey
Stevron Frey,House Frey
Emmon Frey,House Lannister
Ryman Frey,House Frey
Aenys Frey,House Frey
Walder Rivers,House Frey
Jared Frey,House Frey
Raymund Frey,House Frey
Robett Glover,House Glover
Galbart Glover,House Glover
Gorold Goodbrother,House Goodbrother
Balon Greyjoy,House Greyjoy
Euron Greyjoy,House Greyjoy
Victarion Greyjoy,House Greyjoy
Aeron Greyjoy,House Greyjoy
Theon Greyjoy,House Greyjoy
Asha Greyjoy,House Greyjoy
Quellon Greyjoy,House Greyjoy
Rodrik Greyjoy,House Greyjoy
Maron Greyjoy,House Greyjoy
Alannys Harlaw,House Greyjoy
Dagmer Cleftjaw,House Greyjoy
Qarl the Maid,House Greyjoy
Tristifer Botley,House Botley
Guthor Grimm,House Grimm
Rodrik Harlaw,House Harlaw
Humfrey Hewett,House Hewett
Leyton Hightower,House Hightower
Malora Hightower,House Hightower
Baelor Hightower,House Hightower
Halys Hornwood,House Hornwood
Daryn Hornwood,House Hornwood
Areo Hotah,House Martell
Eon Hunter,House Hunter
Rickard Karstark,House Karstark
Harrion Karstark,House Karstark
Alys Karstark,House Karstark
Torrhen Karstark,House Karstark
Eddard Karstark,House Karstark
Arnolf Karstark,House Karstark
Tywin Lannister,House Lannister
Cersei Lannister,House Lannister
Jaime Lannister,House Lannister
Tyrion Lannister,House Lannister
Kevan Lannister,House Lannister
Lancel Lannister,House Lannister
Joanna Lannister,House Lannister
Genna Lannister,House Lannister
Tygett Lannister,House Lannister
Gerion Lannister,House Lannister
Tyrek Lannister,House Lannister
Martyn Lannister,House Lannister
Willem Lannister,House Lannister
Joy Hill,House Lannister
Stafford Lannister,House Lannister
Daven Lannister,House Lannister
Gerold Lannister,House Lannister
Tytos Lannister,House Lannister
Lann the Clever,House Lannister
Janei Lannister,House Lannister
Alysanne Lefford,House Lefford
Amory Lorch,House Lorch
Jason Mallister,House Mallister
Patrek Mallister,House Mallister
Wyman Manderly,House Manderly
Wylis Manderly,House Manderly
Wendel Manderly,House Manderly
Myles Manwoody,House Manwoody
Dagos Manwoody,House Manwoody
Addam Marbrand,House Marbrand
Damon Marbrand,House Marbrand
Doran Martell,House Martell
Oberyn Martell,House Martell
Elia Martell,House Martell
Arianne Martell,House Martell
Quentyn Martell,House Martell
Trystane Martell,House Martell
Mellario,House Martell
Ellaria Sand,House Martell
Obara Sand,House Martell
Nymeria Sand,House Martell
Tyene Sand,House Martell
Sarella Sand,House Martell
Daemon Sand,House Allyrion
Orton Merryweather,House Merryweather
Taena Merryweather,House Merryweather
Jeor Mormont,House Mormont
Maege Mormont,House Mormont
Jorah Mormont,House Mormont
Lyanna Mormont,House Mormont
Dacey Mormont,House Mormont
Arys Oakheart,House Oakheart
Arwyn Oakheart,House Oakheart
Eustace Osgrey,House Osgrey
Addam Osgrey,House Osgrey
Podrick Payne,House Payne
Ilyn Payne,House Payne
Titus Peake,House Peake
Elwood Meadows,House Baratheon of Dragonstone
Cortnay Penrose,House Penrose
Clement Piper,House Piper
Marq Piper,House Piper
Philip Plumm,House Plumm
Maynard Plumm,House Plumm
Garrison Prester,House Prester
Forley Prester,House Prester
Jasper Redfort,House Redfort
Paxter Redwyne,House Redwyne
Horas Redwyne,House Redwyne
Hobber Redwyne,House Redwyne
Desmera Redwyne,House Redwyne
Howland Reed,House Reed
Jojen Reed,House Reed
Meera Reed,House Reed
Roger Reyne,House Reyne
Reynard Reyne,House Reyne
Gyles Rosby,House Rosby
Mathis Rowan,House Rowan
Yohn Royce,House Royce
Andar Royce,House Royce
Waymar Royce,House Royce
Robar Royce,House Royce
Rodrik Ryswell,House Ryswell
Barristan Selmy,House Selmy
Talbert Serry,House Serry
Eddard Stark,House Stark
Robb Stark,House Stark
Sansa Stark,House Stark
Arya Stark,House Stark
Bran Stark,House Stark
Rickon Stark,House Stark
Jon Snow,House Stark
Rickard Stark,House Stark
Lyanna Stark,House Stark
Brandon Stark,House Stark
Benjen Stark,House Stark
Lyarra Stark,House Stark
Old Nan,House Stark
Hodor,House Stark
Falyse Stokeworth,House Stokeworth
Lollys Stokeworth,House Stokeworth
Tanda Stokeworth,House Stokeworth
Balon Swann,House Swann
Aegon I Targaryen,House Targaryen
Aerys II Targaryen,House Targaryen
Rhaegar Targaryen,House Targaryen
Daenerys Targaryen,House Targaryen
Viserys Targaryen,House Targaryen
Aegon V Targaryen,House Targaryen
Rhaella Targaryen,House Targaryen
Jaehaerys II Targaryen,House Targaryen
Rhaenys Targaryen,House Targaryen
Aemon Targaryen (son of Viserys II),House Targaryen
Aegon Targaryen (Young Griff),House Targaryen
Daemon Targaryen,House Targaryen
Aegon III Targaryen,House Targaryen
Aemond Targaryen,House Targaryen
Jaehaerys I Targaryen,House Targaryen
Visenya Targaryen,House Targaryen
Aegon II Targaryen,House Targaryen
Aegon IV Targaryen,House Targaryen
Aerion Targaryen,House Targaryen
Aenys I Targaryen,House Targaryen
Randyll Tarly,House Tarly
Samwell Tarly,House Tarly
Dickon Tarly,House Tarly
Talla Tarly,House Tarly
Brienne of Tarth,House Tarth
Selwyn Tarth,House Tarth
Hoster Tully,House Tully
Edmure Tully,House Tully
Brynden Tully,House Tully
Mace Tyrell,House Tyrell
Margaery Tyrell,House Tyrell
Loras Tyrell,House Tyrell
Willas Tyrell,House Tyrell
Luthor Tyrell,House Tyrell
Greatjon Umber,House Umber
Smalljon Umber,House Umber
Mors Umber,House Umber
Hother Umber,House Umber
Jon Umber (Greatjon),House Umber
Jon Umber (Smalljon),House Umber
Karyl Vance,House Vance of Wayfarer's Rest
Steffon Varner,House Varner
Monford Velaryon,House Velaryon
Monterys Velaryon,House Velaryon
Lymond Vikary,House Vikary
Anya Waynwood,House Waynwood
Wallace Waynwood,House Waynwood
Jeyne Westerling,House Westerling
Sybell Spicer,House Spicer
Gawen Westerling,House Westerling
Rollam Westerling,House Westerling
Eleyna Westerling,House Westerling
Shella Whent,House Whent
Josua Willum,House Willum
Elyas Willum,House Willum
Anders Yronwood,House Yronwood
Cletus Yronwood,House Yronwood
Alysanne Targaryen,House Targaryen
Baelor I Targaryen,House Targaryen
Daeron I Targaryen,House Targaryen
Osha,House Stark
Skahaz mo Kandaq,House Targaryen
Jhogo,House Targaryen
Varys,House Targaryen
Missandei,House Targaryen
Grey Worm,House Targaryen
Illyrio Mopatis,House Targaryen
Salladhor Saan,House Baratheon of Dragonstone
Maekar I Targaryen,House Targaryen
Viserys II Targaryen,House Targaryen
Alysane Mormont,House Mormont
Wynafryd Manderly,House Manderly
Wylla Manderly,House Manderly
Polliver,House Clegane
Edric Storm,House Baratheon
Dagmer,House Greyjoy
