name,kind,year,source
Battle of Ashford,battle,282,/index.php/Battle_of_Ashford
Battle of Castle Black,battle,300,/index.php/Battle_of_Castle_Black
Battle of Deepwood Motte,battle,299,/index.php/Battle_of_Deepwood_Motte
Battle of Oxcross,battle,299,/index.php/Battle_of_Oxcross
Battle of Qohor,battle,,/index.php/Battle_of_Qohor
Battle of Riverrun,battle,298,/index.php/Battle_of_Riverrun
Battle of the Bells,battle,283,/index.php/Battle_of_the_Bells
Battle of the Blackwater,battle,299,/index.php/Battle_of_the_Blackwater
Battle of the Camps,battle,299,/index.php/Battle_of_the_Camps
Battle of the Fords,battle,299,/index.php/Battle_of_the_Fords
Battle of the Golden Tooth,battle,298,/index.php/Battle_of_the_Golden_Tooth
Battle of the Green Fork,battle,299,/index.php/Battle_of_the_Green_Fork
Battle of the Honeywine,battle,130,/index.php/Battle_of_the_Honeywine
Battle of the Redgrass Field,battle,196,/index.php/Battle_of_the_Redgrass_Field
Battle of the Ruby Ford,battle,299,/index.php/Battle_of_the_Ruby_Ford
Battle of the Shield Islands,battle,300,/index.php/Battle_of_the_Shield_Islands
Battle of the Trident,battle,283,/index.php/Battle_of_the_Trident
Battle of the Whispering Wood,battle,,/index.php/Battle_of_the_Whispering_Wood
Doom of Valyria,battle,,/index.php/Doom_of_Valyria
Fall of Moat Cailin,battle,299,/index.php/Fall_of_Moat_Cailin
Field of Crows,battle,,/index.php/Field_of_Crows
Field of Fire,battle,,/index.php/Field_of_Fire
First Battle of Tumbleton,battle,130,/index.php/First_Battle_of_Tumbleton
Reyne-Tarbeck rebellion,battle,261,/index.php/Reyne-Tarbeck_rebellion
Sack of Astapor,battle,299,/index.php/Sack_of_Astapor
Sack of King's Landing,battle,283,/index.php/Sack_of_King's_Landing
Sack of Winterfell,battle,299,/index.php/Sack_of_Winterfell
Second Battle of Tumbleton,battle,130,/index.php/Second_Battle_of_Tumbleton
Purple Wedding,wedding,,/index.php/Purple_Wedding
Red Wedding,wedding,299,/index.php/Red_Wedding
