character,event
Mace Tyrell,Battle of Ashford
Randyll Tarly,Battle of Ashford
Mance Rayder,Battle of Castle Black
Styr,Battle of Castle Black
Stannis Baratheon,Battle of Castle Black
Jon Snow,Battle of Castle Black
Donal Noye,Battle of Castle Black
Asha Greyjoy,Battle of Deepwood Motte
Daenerys Targaryen,Siege of Meereen
Jorah Mormont,Siege of Meereen
Grey Worm,Siege of Meereen
Daario Naharis,Siege of Meereen
Robb Stark,Battle of Oxcross
Brynden Tully,Battle of Oxcross
Stafford Lannister,Battle of Oxcross
Roland Crakehall,Battle of Oxcross
Jaime Lannister,Battle of Riverrun
Edmure Tully,Battle of Riverrun
Tytos Blackwood,Battle of Riverrun
Eddard Stark,Battle of the Bells
Hoster Tully,Battle of the Bells
Robert Baratheon,Battle of the Bells
Jon Connington,Battle of the Bells
Stannis Baratheon,Battle of the Blackwater
Imry Florent,Battle of the Blackwater
Salladhor Saan,Battle of the Blackwater
Davos Seaworth,Battle of the Blackwater
Tyrion Lannister,Battle of the Blackwater
Sandor Clegane,Battle of the Blackwater
Mace Tyrell,Battle of the Blackwater
Garlan Tyrell,Battle of the Blackwater
Randyll Tarly,Battle of the Blackwater
Tywin Lannister,Battle of the Blackwater
Forley Prester,Battle of the Camps
Robb Stark,Battle of the Camps
Tytos Blackwood,Battle of the Camps
Brynden Tully,Battle of the Camps
Edmure Tully,Battle of the Fords
Jason Mallister,Battle of the Fords
Karyl Vance,Battle of the Fords
Tywin Lannister,Battle of the Fords
Flement Brax,Battle of the Fords
Gregor Clegane,Battle of the Fords
Addam Marbrand,Battle of the Fords
Lyle Crakehall,Battle of the Fords
Leo Lefford,Battle of the Fords
Clement Piper,Battle of the Golden Tooth
Jaime Lannister,Battle of the Golden Tooth
Tywin Lannister,Battle of the Green Fork
Gregor Clegane,Battle of the Green Fork
Kevan Lannister,Battle of the Green Fork
Addam Marbrand,Battle of the Green Fork
Roose Bolton,Battle of the Green Fork
Medger Cerwyn,Battle of the Green Fork
Halys Hornwood,Battle of the Green Fork
Harrion Karstark,Battle of the Green Fork
Wylis Manderly,Battle of the Green Fork
Maekar I Targaryen,Battle of the Redgrass Field
Brynden Rivers,Battle of the Redgrass Field
Gregor Clegane,Battle of the Ruby Ford
Roose Bolton,Battle of the Ruby Ford
Wylis Manderly,Battle of the Ruby Ford
Talbert Serry,Battle of the Shield Islands
Euron Greyjoy,Battle of the Shield Islands
Victarion Greyjoy,Battle of the Shield Islands
Harras Harlaw,Battle of the Shield Islands
Robert Baratheon,Battle of the Trident
Eddard Stark,Battle of the Trident
Jon Arryn,Battle of the Trident
Hoster Tully,Battle of the Trident
Rhaegar Targaryen,Battle of the Trident
Barristan Selmy,Battle of the Trident
Jaime Lannister,Battle of the Whispering Wood
Robb Stark,Battle of the Whispering Wood
Victarion Greyjoy,Fall of Moat Cailin
Aegon I Targaryen,Field of Fire
Daenerys Targaryen,Sack of Astapor
Tywin Lannister,Sack of King's Landing
Theon Greyjoy,Sack of Winterfell
Robb Stark,Red Wedding
Walder Frey,Red Wedding
Roose Bolton,Red Wedding
Walder Rivers,Red Wedding
