event,location
Battle of Ashford,Ashford
Battle of Castle Black,Castle Black
Battle of Deepwood Motte,Deepwood Motte
Siege of Meereen,Meereen
Battle of Oxcross,Oxcross
Battle of Qohor,Qohor
Battle of Riverrun,Riverrun
Battle of the Bells,Stoney Sept
Battle of the Blackwater,King's Landing
Battle of the Camps,Riverrun
Battle of the Fords,The Trident
Battle of the Green Fork,The Twins
Battle of the Honeywine,Honeywine
Battle of the Ruby Ford,The Trident
Battle of the Trident,The Trident
Battle of the Whispering Wood,Riverrun
Fall of Moat Cailin,Moat Cailin
Field of Fire,Blackwater Rush
First Battle of Tumbleton,Tumbleton
Sack of Astapor,Astapor
Sack of King's Landing,King's Landing
Sack of Winterfell,Winterfell
Second Battle of Tumbleton,Tumbleton
Red Wedding,The Twins
