house,location
House Allyrion,Godsgrace
House Ashford,Ashford
House Banefort,Banefort
House Baratheon,Storm's End
House Baratheon of Dragonstone,Dragonstone
House Baratheon of King's Landing,King's Landing
House Beesbury,Honeyholt
House Blacktyde,Blacktyde
House Blackwood,Raventree Hall
House Botley,Lordsport
House Bracken,Stone Hedge
House Brax,Hornvale
House Bulwer,Blackcrown
House Caswell,Bitterbridge
House Celtigar,Claw Isle
House Connington,Griffin's Roost
House Corbray,Heart's Home
House Crakehall,Crakehall
House Crane,Red Lake
House Darry,Darry
House Dayne,Starfall
House Farman,Faircastle
House Florent,Brightwater Keep
House Footly,Tumbleton
House Fossoway of Cider Hall,Cider Hall
House Fossoway of New Barrel,New Barrel
House Fowler,Skyreach
House Glover,Deepwood Motte
House Greyjoy,Pyke
House Grimm,Greyshield
House Harlaw,Ten Towers
House Hewett,Oakenshield
House Hightower,Oldtown
House Hornwood,Hornwood
House Hunter,Longbow Hall
House Karstark,Karhold
House Lannister,Casterly Rock
House Mallister,Seagard
House Manderly,White Harbor
House Manwoody,Kingsgrave
House Marbrand,Ashemark
House Martell,Sunspear
House Merryweather,Longtable
House Mullendore,Uplands
House Oakheart,Old Oak
House Prester,Feastfires
House Redfort,Redfort
House Reed,Greywater Watch
House Reyne,Castamere
House Rowan,Goldengrove
House Royce,Runestone
House Serry,Southshield
House Spicer,Castamere
House Stark,Winterfell
House Swann,Stonehelm
House Swyft,Cornfield
House Tarbeck,Tarbeck Hall
House Targaryen,Dragonstone
House Tarly,Horn Hill
House Tarth,Evenfall Hall
House Tully,Riverrun
House Tyrell,Highgarden
House Umber,Last Hearth
House Velaryon,High Tide
House Vyrwel,Darkdell
House Waynwood,Ironoaks
House Whent,Harrenhal
House Yronwood,Yronwood
