a,b
Gilly,Craster
Craster,Gilly
Dalla,Mance Rayder
Mance Rayder,Dalla
Jon Arryn,Lysa Arryn
Lysa Arryn,Jon Arryn
Robert Baratheon,Cersei Lannister
Cersei Lannister,Robert Baratheon
Stannis Baratheon,Selyse Florent
Selyse Florent,Stannis Baratheon
Renly Baratheon,Margaery Tyrell
Margaery Tyrell,Renly Baratheon
Joffrey Baratheon,Margaery Tyrell
Margaery Tyrell,Joffrey Baratheon
Tommen Baratheon,Margaery Tyrell
Margaery Tyrell,Tommen Baratheon
Cassana Baratheon,Steffon Baratheon
Steffon Baratheon,Cassana Baratheon
Ramsay Bolton,Jeyne Poole
Jeyne Poole,Ramsay Bolton
Barbrey Dustin,Willam Dustin
Willam Dustin,Barbrey Dustin
Leonette Fossoway,Garlan Tyrell
Garlan Tyrell,Leonette Fossoway
Roslin Frey,Edmure Tully
Edmure Tully,Roslin Frey
Emmon Frey,Genna Lannister
Genna Lannister,Emmon Frey
Robett Glover,Sybelle Glover
Sybelle Glover,Robett Glover
Balon Greyjoy,Alannys Harlaw
Alannys Harlaw,Balon Greyjoy
Asha Greyjoy,Erik Ironmaker
Erik Ironmaker,Asha Greyjoy
Baelor Hightower,Rhonda Rowan
Rhonda Rowan,Baelor Hightower
Lynesse Hightower,Jorah Mormont
Jorah Mormont,Lynesse Hightower
Halys Hornwood,Donella Hornwood
Donella Hornwood,Halys Hornwood
Alys Karstark,Sigorn
Sigorn,Alys Karstark
Tywin Lannister,Joanna Lannister
Joanna Lannister,Tywin Lannister
Tyrion Lannister,Sansa Stark
Sansa Stark,Tyrion Lannister
Kevan Lannister,Dorna Swyft
Dorna Swyft,Kevan Lannister
Elia Martell,Rhaegar Targaryen
Rhaegar Targaryen,Elia Martell
Mellario,Doran Martell
Doran Martell,Mellario
Ellaria Sand,Oberyn Martell
Oberyn Martell,Ellaria Sand
Taena Merryweather,Orton Merryweather
Orton Merryweather,Taena Merryweather
Eustace Osgrey,Rohanne Webber
Rohanne Webber,Eustace Osgrey
Barbrey Ryswell,Willam Dustin
Willam Dustin,Barbrey Ryswell
Eddard Stark,Catelyn Stark
Catelyn Stark,Eddard Stark
Robb Stark,Jeyne Westerling
Jeyne Westerling,Robb Stark
Rickard Stark,Lyarra Stark
Lyarra Stark,Rickard Stark
Bronn,Lollys Stokeworth
Lollys Stokeworth,Bronn
Aegon I Targaryen,Visenya Targaryen
Visenya Targaryen,Aegon I Targaryen
Aegon I Targaryen,Rhaenys Targaryen
Rhaenys Targaryen,Aegon I Targaryen
Aerys II Targaryen,Rhaella Targaryen
Rhaella Targaryen,Aerys II Targaryen
Daenerys Targaryen,Hizdahr zo Loraq
Hizdahr zo Loraq,Daenerys Targaryen
Rhaenyra Targaryen,Daemon Targaryen
Daemon Targaryen,Rhaenyra Targaryen
Jaehaerys I Targaryen,Alysanne Targaryen
Alysanne Targaryen,Jaehaerys I Targaryen
Randyll Tarly,Melessa Florent
Melessa Florent,Randyll Tarly
Minisa Tully,Hoster Tully
Hoster Tully,Minisa Tully
Mace Tyrell,Alerie Hightower
Alerie Hightower,Mace Tyrell
Olenna Tyrell,Luthor Tyrell
Luthor Tyrell,Olenna Tyrell
Alerie Tyrell,Mace Tyrell
Mace Tyrell,Alerie Tyrell
Janna Tyrell,Jon Fossoway
Jon Fossoway,Janna Tyrell
Sybell Spicer,Gawen Westerling
Gawen Westerling,Sybell Spicer
Khal Drogo,Daenerys Targaryen
Daenerys Targaryen,Khal Drogo
Petyr Baelish,Lysa Arryn
Lysa Arryn,Petyr Baelish
