child,mother
Lysa Arryn,Minisa Tully
Robert Arryn,Lysa Arryn
Joffrey Baratheon,Cersei Lannister
Myrcella Baratheon,Cersei Lannister
Tommen Baratheon,Cersei Lannister
Theon Greyjoy,Alannys Harlaw
Asha Greyjoy,Alannys Harlaw
Rodrik Greyjoy,Alannys Harlaw
Maron Greyjoy,Alannys Harlaw
Daryn Hornwood,Donella Hornwood
Cersei Lannister,Joanna Lannister
Jaime Lannister,Joanna Lannister
Tyrion Lannister,Joanna Lannister
Tytos Lannister,Rohanne Webber
Janei Lannister,Dorna Swyft
Eddard Stark,Lyarra Stark
Catelyn Stark,Minisa Tully
Robb Stark,Catelyn Stark
Sansa Stark,Catelyn Stark
Arya Stark,Catelyn Stark
Bran Stark,Catelyn Stark
Rickon Stark,Catelyn Stark
Rhaegar Targaryen,Rhaella Targaryen
Daenerys Targaryen,Rhaella Targaryen
Viserys Targaryen,Rhaella Targaryen
Rhaego,Daenerys Targaryen
Aegon III Targaryen,Rhaenyra Targaryen
Aenys I Targaryen,Rhaenys Targaryen
Talla Tarly,Melessa Florent
Edmure Tully,Minisa Tully
Margaery Tyrell,Alerie Hightower
Loras Tyrell,Alerie Hightower
Willas Tyrell,Alerie Hightower
Garlan Tyrell,Alerie Hightower
Janna Tyrell,Olenna Tyrell
Rollam Westerling,Sybell Spicer
Eleyna Westerling,Sybell Spicer
Viserys II Targaryen,Rhaenyra Targaryen
