house,overlord
House Allyrion,House Martell
House Ambrose,House Tyrell
House Ashford,House Tyrell
House Banefort,House Lannister
House Baratheon of Dragonstone,House Baratheon
House Baratheon of King's Landing,House Baratheon
House Beesbury,House Tyrell
House Blacktyde,House Greyjoy
House Blackwood,House Tully
House Bolton,House Stark
House Botley,House Greyjoy
House Bracken,House Tully
House Brax,House Lannister
House Bulwer,House Tyrell
House Caswell,House Tyrell
House Celtigar,House Targaryen
House Cerwyn,House Stark
House Clegane,House Lannister
House Connington,House Baratheon
House Corbray,House Arryn
House Crakehall,House Lannister
House Crane,House Tyrell
House Cuy,House Tyrell
House Darry,House Tully
House Dayne,House Martell
House Dustin,House Stark
House Farman,House Lannister
House Farwynd,House Greyjoy
House Florent,House Tyrell
House Footly,House Tyrell
House Fossoway of Cider Hall,House Tyrell
House Fossoway of New Barrel,House Tyrell
House Fowler,House Martell
House Frey,House Tully
House Glover,House Stark
House Goodbrother,House Greyjoy
House Grimm,House Tyrell
House Harlaw,House Greyjoy
House Hewett,House Tyrell
House Hightower,House Tyrell
House Hornwood,House Stark
House Hunter,House Arryn
House Karstark,House Stark
House Lefford,House Lannister
House Lorch,House Lannister
House Mallister,House Tully
House Manderly,House Stark
House Manwoody,House Martell
House Marbrand,House Lannister
House Merryweather,House Tyrell
House Mormont,House Stark
House Mullendore,House Tyrell
House Oakheart,House Tyrell
House Osgrey,House Tyrell
House Payne,House Lannister
House Peake,House Tyrell
House Penrose,House Baratheon
House Piper,House Tully
House Plumm,House Lannister
House Prester,House Lannister
House Redfort,House Arryn
House Redwyne,House Tyrell
House Reed,House Stark
House Reyne,House Lannister
House Rosby,House Targaryen
House Rowan,House Tyrell
House Royce,House Arryn
House Ryswell,House Stark
House Selmy,House Baratheon
House Serry,House Tyrell
House Spicer,House Lannister
House Stokeworth,House Targaryen
House Swann,House Baratheon
House Swyft,House Lannister
House Tarbeck,House Lannister
House Tarly,House Tyrell
House Tarth,House Baratheon
House Umber,House Stark
House Vance of Wayfarer's Rest,House Tully
House Varner,House Tyrell
House Velaryon,House Targaryen
House Vikary,House Lannister
House Vyrwel,House Tyrell
House Waynwood,House Arryn
House Webber,House Tyrell
House Westerling,House Lannister
House Whent,House Tully
House Willum,House Tyrell
House Yarwyck,House Lannister
House Yronwood,House Martell
