name,words,source,region
House Allyrion,No Foe May Pass,/index.php/House_Allyrion,Dorne
House Ambrose,,/index.php/House_Ambrose,The Reach
House Arryn,As High as Honor,/index.php/House_Arryn,The Vale
House Ashford,,/index.php/House_Ashford,The Reach
House Banefort,,/index.php/House_Banefort,The Westerlands
House Baratheon,Ours is the Fury,/index.php/House_Baratheon,The Stormlands
House Baratheon of Dragonstone,,/index.php/House_Baratheon_of_Dragonstone,The Crownlands
House Baratheon of King's Landing,,/index.php/House_Baratheon_of_King's_Landing,The Crownlands
House Beesbury,,/index.php/House_Beesbury,The Reach
House Blacktyde,,/index.php/House_Blacktyde,The Iron Islands
House Blackwood,,/index.php/House_Blackwood,The Riverlands
House Bolton,Our Blades are Sharp,/index.php/House_Bolton,The North
House Botley,,/index.php/House_Botley,The Iron Islands
House Bracken,,/index.php/House_Bracken,The Riverlands
House Brax,,/index.php/House_Brax,The Westerlands
House Bulwer,,/index.php/House_Bulwer,The Reach
House Caswell,,/index.php/House_Caswell,The Reach
House Celtigar,,/index.php/House_Celtigar,The Crownlands
House Cerwyn,Honed and Ready,/index.php/House_Cerwyn,The North
House Clegane,,/index.php/House_Clegane,The Westerlands
House Connington,,/index.php/House_Connington,The Stormlands
House Corbray,,/index.php/House_Corbray,The Vale
House Crakehall,None so Fierce,/index.php/House_Crakehall,The Westerlands
House Crane,,/index.php/House_Crane,The Reach
House Cuy,,/index.php/House_Cuy,The Reach
House Darry,,/index.php/House_Darry,The Riverlands
House Dayne,,/index.php/House_Dayne,Dorne
House Dustin,,/index.php/House_Dustin,The North
House Farman,,/index.php/House_Farman,The Westerlands
House Farwynd,,/index.php/House_Farwynd,The Iron Islands
House Florent,,/index.php/House_Florent,The Reach
House Footly,,/index.php/House_Footly,The Reach
House Fossoway of Cider Hall,Taste of Glory,/index.php/House_Fossoway_of_Cider_Hall,The Reach
House Fossoway of New Barrel,,/index.php/House_Fossoway_of_New_Barrel,The Reach
House Fowler,Let Me Soar,/index.php/House_Fowler,Dorne
House Frey,,/index.php/House_Frey,The Riverlands
House Glover,,/index.php/House_Glover,The North
House Goodbrother,,/index.php/House_Goodbrother,The Iron Islands
House Greyjoy,We Do Not Sow,/index.php/House_Greyjoy,The Iron Islands
House Grimm,,/index.php/House_Grimm,The Reach
House Harlaw,,/index.php/House_Harlaw,The Iron Islands
House Hewett,,/index.php/House_Hewett,The Reach
House Hightower,We Light the Way,/index.php/House_Hightower,The Reach
House Hornwood,Righteous in Wrath,/index.php/House_Hornwood,The North
House Hunter,,/index.php/House_Hunter,The Vale
House Karstark,The Sun of Winter,/index.php/House_Karstark,The North
House Lannister,Hear Me Roar!,/index.php/House_Lannister,The Westerlands
House Lefford,,/index.php/House_Lefford,The Westerlands
House Lorch,,/index.php/House_Lorch,The Westerlands
House Mallister,Above the Rest,/index.php/House_Mallister,The Riverlands
House Manderly,,/index.php/House_Manderly,The North
House Manwoody,,/index.php/House_Manwoody,Dorne
House Marbrand,Burning bright,/index.php/House_Marbrand,The Westerlands
House Martell,"Unbowed, Unbent, Unbroken",/index.php/House_Martell,Dorne
House Merryweather,,/index.php/House_Merryweather,The Reach
House Mormont,Here We Stand,/index.php/House_Mormont,The North
House Mullendore,,/index.php/House_Mullendore,The Reach
House Oakheart,Our Roots Go Deep,/index.php/House_Oakheart,The Reach
House Osgrey,,/index.php/House_Osgrey,The Reach
House Payne,,/index.php/House_Payne,The Westerlands
House Peake,,/index.php/House_Peake,The Reach
House Penrose,Set Down Our Deeds,/index.php/House_Penrose,The Stormlands
House Piper,Brave and Beautiful,/index.php/House_Piper,The Riverlands
House Plumm,,/index.php/House_Plumm,The Westerlands
House Prester,,/index.php/House_Prester,The Westerlands
House Redfort,As Strong as Stone,/index.php/House_Redfort,The Vale
House Redwyne,,/index.php/House_Redwyne,The Reach
House Reed,,/index.php/House_Reed,The North
House Reyne,,/index.php/House_Reyne,The Westerlands
House Rosby,,/index.php/House_Rosby,The Crownlands
House Rowan,,/index.php/House_Rowan,The Reach
House Royce,We Remember,/index.php/House_Royce,The Vale
House Ryswell,,/index.php/House_Ryswell,The North
House Selmy,,/index.php/House_Selmy,The Stormlands
House Serry,,/index.php/House_Serry,The Reach
House Spicer,,/index.php/House_Spicer,The Westerlands
House Stark,Winter is Coming,/index.php/House_Stark,The North
House Stokeworth,Proud to be Faithful,/index.php/House_Stokeworth,The Crownlands
House Swann,,/index.php/House_Swann,The Stormlands
House Swyft,,/index.php/House_Swyft,The Westerlands
House Tarbeck,,/index.php/House_Tarbeck,The Westerlands
House Targaryen,Fire and Blood,/index.php/House_Targaryen,The Crownlands
House Tarly,First in Battle,/index.php/House_Tarly,The Reach
House Tarth,,/index.php/House_Tarth,The Stormlands
House Tully,"Family, Duty, Honor",/index.php/House_Tully,The Riverlands
House Tyrell,Growing Strong,/index.php/House_Tyrell,The Reach
House Umber,,/index.php/House_Umber,The North
House Vance of Wayfarer's Rest,,/index.php/House_Vance_of_Wayfarer's_Rest,The Riverlands
House Varner,,/index.php/House_Varner,The Reach
House Velaryon,"The Old, the True, the Brave",/index.php/House_Velaryon,The Crownlands
House Vikary,,/index.php/House_Vikary,The Westerlands
House Vyrwel,,/index.php/House_Vyrwel,The Reach
House Waynwood,,/index.php/House_Waynwood,The Vale
House Webber,,/index.php/House_Webber,The Reach
House Westerling,"Honor, Not Honors",/index.php/House_Westerling,The Westerlands
House Whent,,/index.php/House_Whent,The Riverlands
House Willum,,/index.php/House_Willum,The Reach
House Yarwyck,,/index.php/House_Yarwyck,The Westerlands
House Yronwood,We Guard the Way,/index.php/House_Yronwood,Dorne
