child,father
Talea,Brusco
Gilly,Craster
Lysa Arryn,Hoster Tully
Robert Arryn,Jon Arryn
Robert Baratheon,Steffon Baratheon
Stannis Baratheon,Steffon Baratheon
Joffrey Baratheon,Robert Baratheon
Myrcella Baratheon,Robert Baratheon
Tommen Baratheon,Robert Baratheon
Lucas Blackwood,Tytos Blackwood
Ramsay Bolton,Roose Bolton
Domeric Bolton,Roose Bolton
Beth Cassel,Rodrik Cassel
Barbrey Dustin,Rodrik Ryswell
Black Walder Frey,Ryman Frey
Walder Rivers,Walder Frey
Jared Frey,Walder Frey
Raymund Frey,Walder Frey
Olyvar Frey,Walder Frey
Balon Greyjoy,Quellon Greyjoy
Euron Greyjoy,Quellon Greyjoy
Theon Greyjoy,Balon Greyjoy
Asha Greyjoy,Balon Greyjoy
Rodrik Greyjoy,Balon Greyjoy
Maron Greyjoy,Balon Greyjoy
Tristifer Botley,Sawane Botley
Baelor Hightower,Leyton Hightower
Lynesse Hightower,Leyton Hightower
Daryn Hornwood,Halys Hornwood
Larence Snow,Halys Hornwood
Cersei Lannister,Tywin Lannister
Jaime Lannister,Tywin Lannister
Tyrion Lannister,Tywin Lannister
Daven Lannister,Stafford Lannister
Tytos Lannister,Gerold Lannister
Janei Lannister,Kevan Lannister
Arianne Martell,Doran Martell
Quentyn Martell,Doran Martell
Trystane Martell,Doran Martell
Sarella Sand,Oberyn Martell
Lyanna Mormont,Maege Mormont
Marq Piper,Clement Piper
Desmera Redwyne,Paxter Redwyne
Barbrey Ryswell,Rodrik Ryswell
Eddard Stark,Rickard Stark
Catelyn Stark,Hoster Tully
Robb Stark,Eddard Stark
Sansa Stark,Eddard Stark
Arya Stark,Eddard Stark
Bran Stark,Eddard Stark
Rickon Stark,Eddard Stark
Dorna Swyft,Harys Swyft
Benfred Tallhart,Helman Tallhart
Eddara Tallhart,Helman Tallhart
Aerys II Targaryen,Jaehaerys II Targaryen
Rhaegar Targaryen,Aerys II Targaryen
Daenerys Targaryen,Aerys II Targaryen
Viserys Targaryen,Aerys II Targaryen
Aegon V Targaryen,Maekar I Targaryen
Jaehaerys II Targaryen,Aegon V Targaryen
Aemon Targaryen (son of Maekar I),Maekar I Targaryen
Rhaenyra Targaryen,Viserys I Targaryen
Aegon III Targaryen,Daemon Targaryen
Jaehaerys I Targaryen,Aenys I Targaryen
Aegon II Targaryen,Viserys I Targaryen
Aenys I Targaryen,Aegon I Targaryen
Melessa Florent,Alester Florent
Talla Tarly,Randyll Tarly
Edmure Tully,Hoster Tully
Margaery Tyrell,Mace Tyrell
Loras Tyrell,Mace Tyrell
Willas Tyrell,Mace Tyrell
Alerie Tyrell,Leyton Hightower
Garlan Tyrell,Mace Tyrell
Janna Tyrell,Luthor Tyrell
Alerie Hightower,Leyton Hightower
Rollam Westerling,Gawen Westerling
Eleyna Westerling,Gawen Westerling
Gendry,Robert Baratheon
Jeyne Poole,Vayon Poole
Alysanne Targaryen,Aenys I Targaryen
Baelor I Targaryen,Aegon III Targaryen
Daeron I Targaryen,Aegon III Targaryen
Albar Royce,Nestor Royce
Sigorn,Styr
Maekar I Targaryen,Daeron II Targaryen
Viserys II Targaryen,Daemon Targaryen
Edric Storm,Robert Baratheon
