name,source
The North,/index.php/The_North
The Vale,/index.php/The_Vale
The Riverlands,/index.php/The_Riverlands
The Iron Islands,/index.php/The_Iron_Islands
The Westerlands,/index.php/The_Westerlands
The Reach,/index.php/The_Reach
The Stormlands,/index.php/The_Stormlands
Dorne,/index.php/Dorne
The Crownlands,/index.php/The_Crownlands
Beyond the Wall,/index.php/Beyond_the_Wall
Slaver's Bay,/index.php/Slaver's_Bay
The Dothraki Sea,/index.php/The_Dothraki_Sea
Valyria,/index.php/Valyria
Ibben,/index.php/Ibben
The Stepstones,/index.php/The_Stepstones
